Unnamed: 0,Unnamed: 1,Unnamed: 2,Unnamed: 3,Unnamed: 4,Unnamed: 5,Unnamed: 6,Unnamed: 7,Unnamed: 8,Unnamed: 9,Unnamed: 10,Unnamed: 11,Unnamed: 12,Unnamed: 13,Unnamed: 14,Unnamed: 15,Unnamed: 16,Unnamed: 17,Unnamed: 18,Unnamed: 19,Unnamed: 20,Unnamed: 21,Unnamed: 22,Unnamed: 23
상단탭 B,,장르,샷구성,,포즈 구도,표정,조명,,색채,분위기,카메라&렌즈,,렌즈종류,렌즈기법/포커스,필름 톤,구도,시점/관점,품질 & 디테일,렌더링,배경 디테일,카메라무빙,효과,오디오
,,Portrait Photography (Indoor)(인물 사진 (실내)),샷 크기,"Extreme Close-Up (눈, 입술, 손끝 등 특정 부위를 아주 가깝게 확대. 극도의 긴장감을 주거나, 결정적인 단서를 보여줄 때 사용하는 임팩트 강한 샷)",portrait (초상화),Smiling (미소),기본조명,Soft Light (광원을 확산시켜 부드럽고 균일한 빛을 만드는 기법. 그림자가 연하고 피부 결점을 덜 드러내어 인물 촬영에 많이 사용됨),Soft color (부드러운 색상),Moody (무디),인물,"Sony A7R V + 85mm f/1.4 GM(피부 톤 재현이 자연스럽고, 아웃포커싱이 부드럽게 녹아내리는 느낌)","Wide Angle Lens (사람의 시야보다 훨씬 넓은 범위를 담아냅니다. 가까이 있는 피사체는 더 크게, 배경은 더 멀리 보이게 하여 원근감을 과장시킵니다. 광활한 풍경이나 역동적인 액션 장면에 필수적)",Bokeh (초점이 벗어난 하이라이트가 둥글게 번짐),"Portra 400 (피부톤, 자연)","Rule of Thirds (화면을 가로세로 3등분 하여, 그 교차점에 인물이나 눈을 배치하는 가장 기본적이고 안정적인 구도입니다. 자연스럽고 균형 잡힌 느낌)",First-Person POV (캐릭터의 눈을 통해 세상을 바라보는 주관적 시점. 관객이 직접 그 상황에 있는 듯한 몰입감과 긴장감을 극대화),8K (7680×4320급 초고해상도),"Unreal Engine (언리얼 엔진 실시간이지만 영화급 라이팅, 다이내믹한 콘트라스트)",rich details (풍부한 디테일),"Pan Right (오른쪽 팬/카메라는 고정된 상태에서 헤드만 좌우로 회전하며 촬영. 빠르게 지나가는 피사체를 따라가거나, 광활한 파노라마 풍경을 훑어보듯 보여줄 때 사용)","Motion Blur (피사체나 배경의 움직임을 흐릿하게 표현하여 속도감을 줍니다. 셔터 스피드를 느리게 했을 때 생기는 효과로, 빠르게 달리는 자동차나 휘두르는 주먹의 궤적을 보여줌)",
,,Portrait Photography (Outdoor)(인물 사진 (야외)),,"Close-Up (미세한 눈떨림, 입모양 등 섬세한 감정선을 강조하여 관객을 인물의 내면으로 깊숙이 끌어들이는 연출)",Side profile (측면 초상화),smiles lovingly (사랑스러운 미소),,Hard Light (광원이 작고 집중되어 선명한 그림자와 높은 대비를 만드는 조명. 극적인 효과나 질감 강조에 적합),Vibrant Colors (선명한 색상),Dreamy (몽환적),,"Canon EOS R5 + RF 50mm f/1.2L(실내 촬영에서 빛이 부족해도 여유롭고, 배경이 크림처럼 녹아 웨딩 촬영가들이 많이 선택하는 조합)",Standard 50mm (자연스러운 표준 렌즈),"Deep Focus (전경~배경 모두 선명, 환경과 인물 관계 강조)",Ektar 100 (선명·강채도),"Center Framing (피사체를 화면 정중앙에 배치합니다. 좌우 대칭이 완벽할수록 기이한 강박증이나(웨스 앤더슨 스타일), 종교적인 엄숙함, 혹은 인물의 확고한 의지를 보여줌)","Body Cam (경찰, 군인, 익스트림 스포츠 선수의 몸에 부착된 카메라 시점입니다. 거친 흔들림, 광각 왜곡, 화면의 노이즈가 어우러져 현장에 있는 듯한 리얼한 긴박감)",4K (3840×2160),Octane Render (옥테인 렌더 강한 하이라이트 + 딥한 그림자 + 선명한 광택),simple background (심플한 배경),"Pan Left (왼쪽 팬/카메라는 고정된 상태에서 헤드만 좌우로 회전하며 촬영. 빠르게 지나가는 피사체를 따라가거나, 광활한 파노라마 풍경을 훑어보듯 보여줄 때 사용)",Speed Ramp (영상 재생 속도를 구간별로 부드럽게 변화시키는 편집 기법이야. 느리게(Slow) → 빠르게(Fast) → 다시 느리게 식으로 속도를 ‘램프(ramp)’처럼 조절해),
,,Landscape Photography(풍경 사진),,Medium Close-Up (미디엄 클로즈업),upper body (상반신),glossy smile (윤기 나는 미소),,Natural Light (자연광),Muted Colors (차분한 색상),Ethereal (에테리얼),,Nikon Z8 + 85mm f/1.2 S(3D 추적 AF와 결합하면 움직이는 피사체도 놓치지 않아. 역광에서의 플레어 억제력이 뛰어나),Portrait 85mm (인물 최적),Shallow DOF (흔히 '아웃포커싱'이라고 부릅니다. 인물만 선명하게 남기고 배경은 흐릿하게 뭉개버립니다. 복잡한 배경에서 인물을 분리해 내어 오직 주인공에게만 시선을 집중),Velvia 50 (초강채도),Golden Ratio (3분할보다 더 수학적으로 완벽하다는 피보나치 비율에 맞춰 피사체를 배치합니다. 인공적이지 않고 자연계에서 느껴지는 가장 아름답고 조화로운 흐름),"Fixed Perspective (카메라가 한 위치에 고정되어 움직이지 않는 정적인 촬영. 안정감과 객관적인 관찰자 시점을 제공하며, 연극 무대를 보는 듯한 느낌)",Ultra HD (4K 계열 마케팅 용어),V-Ray (자연광 기반 현실적인 톤),Muted solid colors (차분한 단식 배경),"Tilt Up (위로 틸트/카메라 고정된 상태에서, 헤드만 움직이는 기법. 높은 건물의 웅장함을 보여주거나 강조할 때 사용)","Slow Motion (고속 촬영 후 일반 속도로 재생하여 동작을 느리게 보여주는 기법. 찰나의 순간을 늘려 아름다움, 긴장감, 또는 감정적 임팩트를 극대화)",
,,Night Photography(야경 사진),,Medium Shot (인물의 허리나 가슴 위쪽을 프레임에 담는 샷. 표정과 제스처를 모두 보여주면서 적당한 거리감을 유지하는 가장 일반적인 대화 장면용 샷),full body (전신),subtle smile (미묘한 미소),,"Studio Light (전문 스튜디오에서 사용하는 인공 조명으로, 완벽하게 제어 가능한 조명 환경을 제공)",Monochromatic (단색),Gritty (그리티),풍경,Sony A7R V + 16-35mm f/2.8 GM II(고화소 바디에 광각 줌의 정석. 별 촬영부터 일출까지 다 커버해. 주변부 해상력이 중앙과 거의 차이가 없어서 대형 출력에도 문제없어),"Telephoto Lens (멀리 있는 피사체를 눈앞으로 당겨옵니다. 배경이 피사체 바로 뒤에 붙어 있는 것처럼 보여(압축 효과), 공간감은 사라지지만 피사체에 대한 몰입도는 최고조)","Rack Focus (초점이 앞에 있는 인물(A)에서 뒤에 있는 인물(B)로(혹은 반대로) 스윽 이동합니다. 영상에서는 대화의 주도권이 넘어가거나, 새로운 사건을 암시하는 아주 중요한 연출 기법)",Tri-X 400 (거친 흑백),"Leading Lines (도로, 복도, 울타리 등의 선들이 피사체를 향해 뻗어 있어, 관객의 시선을 주인공에게로 강제로 이끄는 구도입니다. 강력한 집중력과 입체감)","Invisible Observer (누군가가 몰래 지켜보는 듯한 은밀한 시점. 스릴러나 호러에서 긴장감을 조성하거나, 다큐멘터리적 객관성을 표현할 때 사용)",High Resolution (고해상도 일반 표현),Arnold Render (부드럽고 영화적인 톤),soft background blur (부드러운 배경 흐림),"Tilt Down (아래로 틸트/카메라 고정된 상태에서, 헤드만 움직이는 기법. 인물의 머리부터 발끝까지 훑어내려 스타일을 강조할 때 사용)",Film Grain (필름 그레인),
,,Sports/Action Photography(스포츠 / 액션),,Medium Long Shot (미디엄 롱 샷),Standing Pose (서 있는 포즈),Laughing (웃음),,"Ambient Light (전체적인 기본 조명으로, 공간 전체를 고르게 밝혀주는 배경 조명. 특정 방향 없이 부드럽게 퍼져 그림자가 약합니다)",Complementary Colors (보색),Minimalist (미니멀리스트),,"Nikon Z9 + 14-24mm f/2.8 S(극광각인데도 왜곡이 거의 없고, 필터 홀더 없이 후면 필터를 쓸 수 있어서 편리해. 역동적인 구름이나 파도를 담을 때 진가를 발휘하지)",Super Telephoto (극단 압축),"Soft Focus (초점은 맞았지만 전체적으로 뽀샤시하고 몽환적인 안개가 낀 듯한 느낌을 줍니다. 옛날 영화의 회상 장면이나, 꿈속, 혹은 천상계의 인물을 표현)",HP5 Plus (부드러운 흑백),"Frame within a Frame (창문, 문틀, 거울, 동굴 입구 등 화면 내의 구조물을 이용해 또 하나의 액자를 만듭니다. 관객이 몰래 훔쳐보는 듯한 느낌(관음적 시선)을 주거나 깊이감을 더함)","Depth Perspective (전경, 중경, 후경의 레이어를 강조하여 깊이감을 극대화하는 구도. 공간의 입체감과 거리감을 시각적으로 전달)",IMAX Quality (대형 스크린용 스케일감 강조),Cycles Render (중립적이면서도 자연스러운 리얼리즘),,Zoom Out (줌 아웃),"Bloom (밝은 광원 주변이 부드럽게 번지며 빛나는 효과. 몽환적이고 dreamy한 분위기를 만들거나, 신성하고 초월적인 순간을 표현할 때 사용)",
,,Product Photography(제품 사진),,Long Shot (롱 샷),Sitting Pose (앉은 포즈),Serious (진지한),,"Spotlight (특정 영역이나 대상에 집중적으로 비추는 강한 직접 조명으로, 드라마틱한 효과를 연출)",Analogous Colors (유사색),Dramatic (드라마틱),,Fujifilm GFX 100 II + 32-64mm f/4(중형 포맷의 압도적인 디테일. 1억 화소가 풍경의 모든 결을 담아내. 다이나믹 레인지가 넓어서 후보정 여유가 많아),"Macro Lens (근접 촬영 및 접사에 특화된 렌즈. 곤충, 꽃, 제품 디테일 등 작은 피사체를 크게 확대하여 섬세한 질감을 표현)","Split Diopter (렌즈 앞에 특수 유리를 덧대어, 바로 앞의 물체와 아주 먼 배경을 동시에 초점이 맞게 찍는 기이한 기법입니다. 물리적으로 불가능한 심도를 만들어내어 긴장감과 불안감을 조성)",CineStill 800T (네온·야간),"Negative Space (피사체를 한쪽 구석에 아주 작게 몰아넣고, 나머지 공간을 텅 비웁니다(하늘, 벽 등). 인물의 고독, 외로움, 사색, 혹은 압도적인 공허함을 표현)","Vanishing Point (모든 선이 하나의 소실점으로 모이는 원근법 구도. 도로, 복도, 철로 등에서 강렬한 깊이감과 방향성을 만듦)",Photorealistic (사진처럼 사실적),Redshift (선명하고 상업적 비주얼),,Zoom In (줌 인),Light Leaks (필름 카메라에서 빛이 새어 들어가며 생기는 붉은색·주황색·무지개빛 번짐 효과를 재현한 포스트 프로세싱 효과),
,,Food Photography(음식 사진),,Extreme Long Shot (익스트림 롱 샷),Walking Pose (걷는 포즈),Confident (자신감 있는),,"High Key Lighting (전체적으로 밝고 그림자가 거의 없는 조명. 밝고 경쾌한 분위기, 패션이나 뷰티 촬영에서 자주 사용)",Warm Tones (따뜻한 톤),Nostalgic (노스탤직),스트리트,Leica M11 + Summicron 35mm f/2(35mm의 자연스러운 화각. 거리에서 눈에 띄지 않고 순간을 포착할 수 있어),"Fisheye Lens (물고기의 눈처럼 180도에 가까운 시야를 둥글게 왜곡하여 표현하는 기법. 인터폰이나 CCTV 화면처럼 기괴하거나, 90년대 뮤직비디오처럼 힙하고 유머러스한 느낌을 살릴때 사용)","Lens Flare (광원에서 빛 번짐, 감성·스케일 강조)",Polaroid (폴라로이드),"Diagonal Composition (피사체나 배경의 선을 대각선으로 배치합니다. 수평/수직 구도보다 훨씬 역동적이고 불안정하며, 에너지가 폭발하거나 어딘가로 굴러떨어질 것 같은 긴장감)","Mirror Reflection (거울, 유리, 수면 등의 반사를 통해 피사체를 보여주는 기법. 이중성, 자아 성찰, 또는 숨겨진 진실을 암시하는 상징적 효과)",HDR (밝은 영역과 어두운 영역을 모두 표현)," cel shading (그림자 단계를 분리, 만화/애니 느낌, 윤곽선 강조)",,Follow Shot (카메라가 피사체를 따라가며 촬영하는 무빙),"Haze (공기 중의 미세한 입자(연무, 습기, 먼지 등)로 인해 빛이 퍼지고 대비가 낮아지는 효과)",
,,Concerts/Performances(콘서트 / 공연),,"Wide Shot (피사체와 주변 환경을 넓게 담아내는 샷. 인물의 위치와 공간의 관계를 보여주며, 장면의 전체적인 맥락과 분위기를 설정할 때 사용)",Running Pose (달리는 포즈),Mysterious (신비로운),,Low Key Lighting (어두운 배경에 피사체의 일부만 밝히는 조명. 신비롭고 극적인 분위기 연출에 효과적),Cool Tones (차가운 톤),Melancholic (향수 어린),,Ricoh GR IIIx(40mm 환산 화각에 주머니에 들어가는 크기. 스냅 촬영의 끝판왕이야. APS-C 센서라 화질도 충분하고),"Anamorphic Lens (영화 특유의 가로로 긴 와이드 스크린 비율과, 타원형으로 찌그러진 보케(빛망울), 가로로 길게 뻗는 파란 렌즈 플레어가 특징입니다. '이건 영화다'라는 느낌을 가장 강하게 주는 렌즈)","Vignette (화면 가장자리 어둡게, 중심 강조 )",Kodachrome (클래식 컬러),Symmetry (대칭),Through Window (창문 너머),Hyperdetailed (극도로 세밀한 묘사),"realistic and hyper-detailed renderings (극사실주의, 피부·금속·텍스처 디테일 강조
, 상업·영화 수준)",,Stationary Camera (고정 카메라),Halation (필름 촬영에서 강한 빛이 필름 유제층을 통과해 반사되며 생기는 붉은 테두리(레드 글로우) 현상을 재현한 효과),
,,Milky Way/Star Photography(은하수 / 별 사진),,Extreme Wide Shot (익스트림 와이드 샷),Jumping Pose (점프 포즈),Thoughtful (생각에 잠긴),,Backlighting (조명 소스를 대상 뒤에 배치하여 대상 주변에 헤일로 효과를 만들고 구도에 깊이감을 부여하는 방법),Pastel Colors (파스텔 색상),Mysterious (신비로운),,Fujifilm X100VI(35mm 환산 화각의 고정 렌즈. 필름 시뮬레이션이 독보적이라 JPEG 바로 써도 돼. 클래식한 디자인이 피사체의 경계심을 낮춰주기도 해),Vintage Lens (빈티지 렌즈),"Tilt-Shift Effect (틸트-시프트 효과, 도시가 장난감처럼 보임)",Fujicolor Pro (쿨 파스텔),Asymmetry (비대칭),Through Door (문 너머),Crisp Details (또렷하고 날카로운 디테일),"soft painterly textures
(부드러운 회화적 질감)",,"Handheld (삼각대 없이 손으로 들고 찍어 화면이 흔들리는 기법. 다큐멘터리 같은 리얼함, 전쟁터의 긴박함, 혹은 인물의 불안하고 혼란스러운 심리를 날것 그대로 전달)","Glitch (디지털 오류처럼 보이는 화면 깨짐, RGB 분리, 노이즈 왜곡, 프레임 점프 등의 효과)",
,,Macro Photography(매크로 사진),,"Full Shot (인물의 머리부터 발끝까지 전신을 프레임에 담는 샷. 인물의 자세, 의상, 몸짓과 주변 환경을 함께 보여줄 때 사용)",Lying Down (누운 포즈),Surprised (놀란),,Key Lighting (대상의 형태를 정의하고 장면을 주로 밝히는 주요 조명 소스. 3점 조명의 핵심이 되며 피사체의 주된 그림자 방향을 결정),Earth Tones (자연색),Peaceful (평화로운),"스포츠
야생",Canon EOS R3 + RF 400mm f/2.8L(프로 스포츠 현장의 표준. 시선 추적 AF가 선수의 눈을 놓치지 않아. 초당 30프레임 연사로 결정적 순간을 잡아내지),Tilt-Shift (실제 풍경인데도 마치 장난감 미니어처 세상처럼 보이게 만드는 기법입니다. 화면의 위아래를 흐릿하게 처리하여 거대한 도시나 군중을 귀여운 모형처럼 만듦),"Long Exposure (장노출, 빛 궤적·잔상)",Ilford Delta (현대적 흑백),asymmetrical balance (비대칭 균형),Underwater View (수중 시점),Rich Details (질감·레이어가 풍부),smooth surfaces (매끄러운 표면),,"Dolly In (줌인보다 훨씬 입체적이며, 관객의 집중을 피사체에게 강제로 쏠리게 하여 중요한 순간임을 암시하거나 긴장감을 고조)",Reflection (거울·유리·물·금속 등 반사 표면에 비치는 이미지를 활용하는 시각 연출),
,,Birds/Wildlife(새 / 야생동물),,"Two-Shot (두 인물을 한 프레임 안에 함께 담는 구도. 두 캐릭터 간의 관계, 상호작용, 감정적 역학을 동시에 보여줄 때 효과적입니다)",Leaning (기대는 포즈),Excited (흥분한),,Fill Lighting (주요 라이트에 의해 생성된 그림자를 부드럽게 만들고 대비를 줄이며 균형 잡힌 모습을 만드는 추가 조명),Neon Colors (네온 색상),Heartwarming (마음 따뜻한),,Sony A9 III + 600mm f/4 GM(글로벌 셔터라서 롤링 셔터 왜곡이 없어. 빠르게 움직이는 새나 동물 촬영에 최적화돼 있어),,"Double Exposure (이중 노출, 상징·내면 표현)",,"Quadrant Framing (화면을 4분할 하여 피사체를 하단 구석 등에 몰아넣는 파격적인 구도입니다(미드 '미스터 로봇' 스타일). 인물의 불안한 심리, 소외감, 사회 부적응을 시각적으로 강렬하게 전달)",,Sharp Focus (초점이 매우 또렷함),rounded edges (둥근 모서리),,"Dolly Out (줌아웃보다 훨씬 입체적이며, 관객의 집중을 피사체에게 강제로 쏠리게 하여 중요한 순간임을 암시하거나 긴장감을 고조)","Time-Lapse (긴 시간 동안 일정 간격으로 촬영한 사진을 이어붙여 빠르게 재생하는 기법. 구름의 이동, 꽃이 피는 과정, 도시의 하루 등 시간의 흐름을 압축해서 보여줌)",
,,Basic Videography(영상 촬영 기본),샷 앵글,Eye Level Shot (피사체의 눈높이와 동일한 위치에서 촬영하는 가장 자연스러운 앵글. 관객과 인물이 대등한 위치에서 마주하는 느낌),Crossed Arms (팔짱 낀 포즈),Calm (차분한),,"Diffused Light (부드럽고 고르게 퍼진 빛으로, 날카로운 그림자를 없애고 피사체를 균등하게 밝혀주는 조명)",Desaturated (낮은 채도),Vivid (생생한),,"Nikon Z9 + 800mm f/6.3 VR S(800mm인데 비교적 가볍고, 손떨림 보정이 강력해서 삼각대 없이도 촬영 가능. 야생동물 촬영가들 사이에서 인기 많아)",,,,Foreground Interest (전경 강조),,RAW Photo (보정 전 원본 촬영 느낌),,,Dolly Zoom (카메라는 뒤로 빠지면서 렌즈는 줌인을 하는(혹은 그 반대) 기법. 피사체 크기는 그대로인데 배경만 급격하게 왜곡되어 빨려 들어가는 듯한 현기증과 심리적 충격을 표현. 영화 '죠스'로 유명),"Hyperlapse (Time-Lapse와 달리, 카메라가 크게 이동하면서 시간을 압축하는 기법이야. 즉, 시간도 빠르고 공간도 빠르게 이동하는 것이 핵심)",
,,,,,,,,,,,,Leica M11 + Summilux 50mm f/1.4(50mm 화각의 클래식한 렌즈. 보케가 아름답고 인물·스트리트 모두에서 뛰어난 표현력),,,,,,,,,,,
,,Documentary Photography(다큐멘터리),,"higher angle (카메라가 인물보다 높은 위치에서 아래를 내려다봄. 인물을 작고 왜소하게 보이게 하여 약함, 외로움, 무력함, 혹은 귀여움을 표현)",Hands in Pockets (주머니에 손),Melancholic (우울한),인물조명,Rembrandt Lighting (렘브란트 화가의 그림처럼 한쪽 뺨에 삼각형 빛이 생기는 조명. 클래식하고 예술적인 인물 사진에 적합),High Saturation (높은 채도),Colorful (다채로운),영상,"Sony FX3 + 24-70mm f/2.8 GM II(시네마 라인 바디에 만능 줌 렌즈. S-Log3로 넓은 다이나믹 레인지 확보하고, AF가 영상 중에도 부드럽게 따라가)",,,,Background Emphasis (배경 강조),,Professional Quality (전문가 수준),,,"Tracking Shot (카메라가 레일이나 차량을 타고 피사체와 나란히 이동하며 촬영합니다. 걷거나 뛰는 인물의 속도감을 그대로 전달하며, 관객이 함께 움직이는 듯한 동행감을 줍니다)",Speed Ramp (영상 재생 속도를 구간별로 부드럽게 변화시키는 편집 기법이야. 느리게(Slow) → 빠르게(Fast) → 다시 느리게 식으로 속도를 ‘램프(ramp)’처럼 조절해),
,,Fashion Editorials(패션 화보),,"Low Angle (카메라가 인물보다 낮은 위치에서 위를 올려다보는 앵글. 인물을 거대하고 웅장하게 보이게 하여 권위, 힘, 공포감, 혹은 영웅적인 면모를 부각)",Hand on Hip (손을 허리에),Angry (화난),,Loop Lighting (코 옆에 작은 그림자가 생기는 조명. 자연스럽고 가장 보편적으로 사용되는 인물 조명),Black and White (흑백),Dark (어두운),,"Canon EOS R5 C + RF 24-105mm f/4L(8K 내부 녹화가 가능한 하이브리드 바디. 다큐멘터리나 인터뷰 촬영에 적합하고, 렌즈가 가벼워서 짐벌 운용이 수월해)",,,,Depth Layering (깊이감 레이어),,Award Winning (수상작 느낌),,,"Crane Shot (크레인에 카메라를 장착하여 높이 올라가거나 내려오며 촬영. 웅장한 스케일감과 극적인 순간을 연출하며, 신의 시점처럼 장면을 조망)","Freeze Frame (영상의 한 프레임을 정지시켜 사진처럼 보여주는 기법. 결정적인 순간을 강조하거나, 영화의 엔딩에서 기억에 남는 이미지를 만들 때 사용)",
,,Street Photography(스트리트 포토그래피),,Bird's Eye View (하늘에서 수직으로(90도) 내려다보는 시점입니다. 하이 앵글보다 훨씬 높고 기하학적. 인물들의 동선이나 세상의 패턴을 신(God)의 시선처럼 조망할 때 사용),Arms Raised (팔을 든 포즈),Fearful (두려워하는),,Butterfly Lighting (코 아래에 나비 모양 그림자가 생기는 조명. 광대뼈를 강조하고 글래머러스한 느낌을 줌),Sepia Tone (세피아 톤),Bright (밝은),,"Panasonic S5 II + 50mm f/1.4 S(위상차 AF가 추가되면서 완성도가 높아졌어. 풀프레임 영상 바디 중 가성비 최강이고, 50mm로 시네마틱한 느낌을 낼 수 있어)",,,,Triangular Composition (삼각 구도),, chibi details,,,"Steadicam (핸드헬드와 달리, 기계 장치를 이용해 미끄러지듯 부드럽게 따라가는 연출. 좁은 복도나 계단을 이동할 때 마치 유령이 둥둥 떠다니며 관찰하는 듯한 부드럽고 몽환적인 느낌)",Split Screen (화면을 둘 이상으로 나누어 동시에 여러 장면을 보여주는 기법. 서로 다른 장소에서 동시에 일어나는 사건이나 대비되는 상황을 효과적으로 전달),
,,Architectural Photography(건축 사진),,"Worm's Eye View (땅바닥에 붙어서 벌레가 보는 시점처럼 극도로 낮게 올려다봅니다. 로우 앵글의 극단적인 형태입니다. 피사체가 거인처럼 보이거나, 세상이 기괴하고 낯설게 보이는 효과)",Looking Over Shoulder (뒤돌아보기),Joyful (기쁜),,"Split Lighting (얼굴의 딱 절반은 밝게, 절반은 어둠에 묻히게 비춤. 인물의 양면성, 갈등, 숨겨진 비밀을 시각적으로 강렬하게 암시)",Cyan and Orange (청록과 오렌지),Romantic (로맨틱한),매크로,"Nikon Z8 + MC 105mm f/2.8 VR S(1:1 배율에 손떨림 보정까지. 곤충의 눈, 꽃잎의 질감을 그대로 담아내. 제품 촬영에서도 디테일이 살아있어)",,,,Radial Composition (방사형 구도),,Visible Pores (피부의 모공이 자연스럽게 보이는 극사실적 표현),,,"Snorricam (배우의 몸(가슴)에 카메라를 장착하여 배우의 얼굴을 정면에서 비춥니다. 배경은 심하게 흔들리는데 배우 얼굴만 고정되어 있어, 인물의 공황 상태, 취함, 혹은 극한의 도주 상황을 리얼하게 보여줌)",Lens Distortion (렌즈 특성 때문에 화면 가장자리가 휘어지거나 늘어나는 왜곡 현상),
,,Underwater Photography(수중 촬영),,"Dutch Angle (카메라를 의도적으로 기울여 촬영하는 기법. 화면이 비스듬해져 불안정함, 혼란, 긴장감, 또는 인물의 심리적 불균형을 시각적으로 표현)",Crouching (쪼그려 앉기),Sad (슬픈),,Broad Lighting (카메라 쪽 얼굴이 밝음 (더 넓어 보임)),bright colors (밝은 색상),Epic (장엄한),,Sony A7R V + 90mm f/2.8 Macro G(가볍고 AF가 빨라서 매크로 촬영 입문자에게도 좋아. 인물 촬영 겸용으로도 괜찮고),,,,Pattern Repetition (패턴 반복),,Natural Skin Oils (피부 위의 자연스러운 유분기와 윤기 표현),,,"Low Angle Tracking (카메라가 바닥에 거의 붙어서, 달리는 사람의 발이나 자동차 바퀴 옆을 빠르게 따라갑니다. 땅바닥이 뒤로 휙휙 지나가는 질감이 강조되어 속도감이 극대화)","Chromatic Aberration (렌즈가 빛의 색(파장)을 완벽히 한 점에 모으지 못해, 경계 부분에 빨강·파랑 같은 색 번짐이 생기는 현상)",
,,Aerial Photography(항공 촬영),,Over-the-Shoulder (한 인물의 어깨 너머로 다른 인물을 촬영하는 구도. 대화 장면에서 두 인물의 관계와 시선 교환을 자연스럽게 보여주며 관객을 대화 속으로 끌어들입니다),Kneeling (무릎 꿇기),Neutral (무표정),,Short Lighting (카메라 쪽 얼굴이 어둡고 반대쪽이 밝음 (더 슬림해 보임)),glossy (광택),Intimate (친밀한),,Canon EOS R5 + RF 100mm f/2.8L Macro(SA 컨트롤 링으로 아웃포커싱 모양을 조절할 수 있어. 제품 사진에서 부드러운 보케가 필요할 때 유용하지),,,,Headroom (위쪽 공간 긴박·답답),,Fine Facial Hair (잔털과 솜털이 보이는 세밀한 피부 묘사),,,Drone Flyover (드론이 피사체나 지형 위를 상공에서 앞으로 날아가며 지나가는 무빙),Crash Zoom (아주 짧은 순간에 급격하게 줌인(Zoom In)을 합니다. 인물의 놀란 표정이나 중요한 물건을 강조할 때 만화적인 임팩트),
,,,,,Profile Stance (측면 자세),Intense (강렬한),,Portrait Top Light (위쪽에서 내려오는 조명으로 인물을 촬영하여 극적인 그림자와 강인한 인상을 연출),shiny (반짝),Energetic (활기찬),천체,"Sony A7S III + 14mm f/1.8 GM(저조도의 제왕. ISO 51200에서도 노이즈가 적고, 14mm 초광각에 f/1.8 밝기라 별이 점으로 찍혀. 은하수 아치 전체를 한 프레임에 담을 수 있어)",,,,Nose Room (앞쪽 공간 심리적 압박),,Unretouched (보정하지 않은 원본 그대로의 피부 질감),,,FPV Drone (드론에 장착된 카메라의 *1인칭 시점* 빠르고 민첩하게 공간을 가로지르는 무빙 훨씬 저고도·고속·급회전·다이브가 가능해서 역동성이 강함),"Shockwave (강력한 폭발이나 초능력 발동 시, 공기가 찢어지며 퍼져나가는 투명한 파동을 시각화합니다. 드래곤볼이나 마블 영화처럼 파괴력의 규모를 웅장하게 보여줌)",
,,concept art,,"profile shot (캐릭터의 측면을 보여주는 구도. 얼굴의 윤곽선과 프로필을 강조하며, 고전적이고 우아한 인물 표현에 적합)",Action Pose (역동적인 동작이나 움직임을 하는 캐릭터를 포착한 구도. 에너지와 운동감을 전달하며 액션 장면에 필수적),Gentle (부드러운),,Portrait Bottom Light (아래쪽에서 올라오는 조명으로 인물을 촬영하여 신비롭거나 위협적인 분위기를 연출),lustrous (윤기),Serene (고요한),,Nikon Z6 III + 20mm f/1.8 S(가성비 좋은 천체 조합. 코마 수차가 거의 없어서 화면 구석의 별도 동그랗게 찍혀. 타임랩스 촬영에도 적합해),,,,,,Raw Authentic Beauty (있는 그대로의 자연스러운 아름다움 표현),,,Orbit Shot (카메라가 피사체를 중심으로 원을 그리며 360° 또는 그에 가까운 궤도로 이동하는 무빙),"Muzzle Flash (총구에서 불꽃이 뿜어져 나오는 찰나의 순간입니다. 어두운 곳에서 이 불빛이 인물의 얼굴과 공간을 순간적으로 비추며, 누아르적인 긴장감과 액션의 리듬감을 만듦)",
--ar ,,illustration,,Three-Quarter View (정면과 측면 사이의 약간 비스듬한 각도로 캐릭터를 촬영. 깊이와 입체감을 드러내며 가장 자연스러운 인물 구도),Dancing Pose (춤추는 포즈),Playful (장난스러운),,Portrait Side Light (옆쪽에서 비추는 조명으로 인물의 입체감과 윤곽을 강조하여 극적인 효과를 만듦),, intense gaze (강렬한 시선),,Canon EOS Ra + RF 15-35mm f/2.8L(천체 전용으로 나온 바디야. 적외선 투과율을 높여서 성운의 붉은 빛을 더 잘 담아내. 일반 바디로는 보이지 않는 색감이 나와),,,,,,"Detailed Skin Texture (피부 결, 주름, 잡티 등 세밀한 질감 묘사)",,,"Arc Shot (피사체를 중심으로 카메라가 360도 혹은 반원(Arc)을 그리며 빙글빙글 돕니다. 인물의 혼란스러운 심리 상태를 표현하거나, 영웅적인 순간을 다각도에서 멋지게 보여줄 때 사용)","Debris & Particles (폭발, 충돌, 파괴의 순간에 튀어 오르는 유리 조각, 돌가루, 불똥 등을 디테일하게 묘사합니다. 액션의 타격감을 시각적으로 극대화하는 요소)",
,,,,,,,,,,,,"Nikon Z9 + NIKKOR Z MC 105mm f/2.8 VR S(1:1 매크로에 VR 보정으로 손떨림 방지. 곤충, 꽃 등 극접사 촬영의 끝판왕)",,,,,,Raw Beauty Documentation (자연미를 기록하는 다큐멘터리적 접근),,,,,
--s / --stylize ,,digital painting,,"Emotive Expression (캐릭터의 얼굴 표정에 초점을 맞춰 특정 감정을 전달하는 구도. 기쁨, 슬픔, 분노, 두려움 등을 섬세하게 표현)",Yoga Pose (요가 포즈),Seductive (매혹적인),,Portrait Back Light (뒤쪽에서 비추는 역광으로 인물 주변에 후광 효과를 만들어 로맨틱하고 몽환적인 분위기 연출),,cozy atmosphere (아늑한 분위기),건축,"Sony A7R V + 12-24mm f/2.8 GM(좁은 공간에서 넓게 담아야 할 때. 왜곡이 적어서 수직선이 안 휘고, 고화소라 크롭해도 여유있어)",,,,,,,,,"Bullet Time (피사체의 움직임은 슬로우 모션(또는 정지에 가깝게) 유지하면서, 카메라는 그 주변을 자유롭게 회전하거나 이동하는 효과)","Impact Frame (애니메이션에서 타격 순간에 색을 반전시키거나 고대비(High Contrast)의 섬광을 넣는 기법입니다. 찰나의 순간, 뇌리에 박히는 강렬한 쇼크를 표현)",
--c / --chaos ,,watercolo,특수 샷,"Silhouette Shot (역광을 이용해 피사체를 검은 윤곽으로만 표현하는 기법. 신비로움, 익명성, 또는 극적인 시각적 임팩트를 만듦)",Athletic Pose (운동 포즈),Determined (단호한),,Portrait with Sunlight (자연스러운 햇빛을 이용한 인물 촬영으로 따뜻하고 생동감 있는 이미지를 만듦),,"phenomenal atmosphere
(경이로운 분위기)",,Canon EOS R5 + TS-R 24mm f/3.5L(틸트-시프트 렌즈라서 원근 왜곡을 광학적으로 보정해. 건물이 뒤로 넘어가는 느낌 없이 반듯하게 찍혀. 건축 전문 포토그래퍼 필수템이야),,,,,,,,,Hyperlapse (카메라 위치를 시간에 따라 일정하게 이동시키면서 특정 지점을 집중적으로 촬영한 영상),"Long Take (편집 없이 하나의 연속된 촬영으로 장면 전체를 담아내는 기법. 시간의 리얼함과 긴장감을 유지하며, 감독의 연출력과 배우의 연기력을 극대화)",
--Draft ,,A stunning fantasy portrait ,,Candid Shot (피사체가 카메라를 의식하지 않은 자연스러운 순간을 포착하는 기법. 진정성 있고 생동감 넘치는 이미지를 만듦),Candid Pose (자연스러운 포즈),Vulnerable (취약한),,Portrait Window Blinds (창 블라인드를 통과하는 빛과 그림자 패턴이 있는 인물 사진으로 흥미로운 시각적 효과를 연출),,light breeze (미풍),,"Fujifilm GFX 100S + 23mm f/4(중형 포맷 특유의 입체감. 인테리어 사진에서 공간감이 살아나고, 픽셀 시프트로 4억 화소 이미지도 가능해)",,,,,,,,,"Camera Roll (카메라가 축을 중심으로 회전, 화면이 뒤집히거나 기울어짐, 혼란·액션·긴장 표현)",Motion Trail (잔상 복제 효과),
--stealth,,fantasy art style,,"Mid-Air Action (인물이 점프하거나 날아오른, 발이 땅에서 떨어진 결정적인 순간을 포착합니다. 중력을 거스르는 듯한 부유감과 역동적인 포즈가 특징)",Heroic Stance (캐릭터가 강하고 자신감 있게 서 있는 구도. 주로 영웅이나 리더의 힘찬 존재감을 표현할 때 사용),Euphoric (황홀한),,Portrait Red Light (빨간색 조명을 사용한 인물 촬영으로 열정적이고 극적인 분위기를 표현),,,여행,Sony A7C II + 20-70mm f/4 G(가볍고 작은데 화각 범위가 넓어. 풍경부터 실내까지 렌즈 하나로 해결),,,,,,,,,"Whip Pan (매우 빠른 수평 회전, 모션 블러 발생, 장면 전환에 자주 사용)",Mirror Multiply (화면을 대칭·분할해서 복제),
--iw ,,DnD art style,,"Shot from Behind (피사체의 뒷모습을 촬영하여 인물이 바라보는 방향이나 목적지를 함께 보여주며, 미스터리한 분위기나 동행감을 연출) ","Group Interaction (다수의 캐릭터가 상호작용하는 장면. 관계, 역학, 감정적 교류를 한 프레임 안에서 보여줌)",Contemplative (명상적인),,Portrait Peach & Cyan (복숭아색과 청록색 조명을 조합한 인물 촬영으로 영화적이고 모던한 색감을 연출),,,,"Fujifilm X-T5 + 18-55mm f/2.8-4(APS-C라 시스템 전체가 가볍고, 필름 시뮬레이션으로 후보정 시간 절약. 여행 중 바로 공유하기 좋아)",,,,,,,,,,Rack Focus (같은 샷 안에서 초점을 한 피사체에서 다른 피사체로 이동시키는 기법),
--sref   --sw,,Dungeons and Dragons art style,,"Drone Shot (드론을 이용해 높은 곳에서 촬영하는 항공 샷. 광활한 풍경, 추격 장면, 또는 신의 시점 같은 웅장한 스케일을 표현)",,Defiant (도전적인),,Portrait Contrasty (강한 명암 대비를 활용한 인물 촬영으로 강렬하고 드라마틱한 인상을 만듦),,,,Nikon Zf + 40mm f/2 SE(레트로 디자인에 팬케이크 렌즈. 들고 다니는 것 자체가 즐거워지는 조합. 40mm가 생각보다 만능이야),,,,,,,,,,"Fluid Dynamics (물, 연기, 잉크, 불꽃 같은 유체(Fluid)의 물리적 움직임을 시뮬레이션하는 기술/연출)",
--cref   --cw,,,,"Establishing Shot (장면의 시작에서 배경이나 장소를 넓게 보여주는 샷. 도시 스카이라인, 건물 외관 등을 보여주어 관객에게 시공간적 맥락을 제공)",,"making eye contact with the viewer
(시청자와 눈맞춤)",,Portrait Bright (매우 밝은 조명을 사용하여 쾌활하고 긍정적인 분위기의 인물 사진을 촬영),,,,"Leica Q3(고정 렌즈 28mm f/1.7에 6000만 화소. 렌즈 고민 없이 그냥 들고 나가면 돼. 크롭해서 35mm, 50mm로도 쓸 수 있어)",,,,,,,,,,"Cloth Simulation (천, 망토, 옷자락, 깃발 같은 직물(Fabric)의 물리 움직임을 계산해 표현하는 시뮬레이션 기법)",
--oref   --ow,,Illumination studio ,,"Detail Shot (특정 물체나 신체 일부를 극도로 가깝게 촬영하여 디테일을 강조. 중요한 단서, 질감, 또는 상징적 의미를 전달할 때 사용)",,charismatic (카리스마),,Portrait Natural (인공 조명 없이 자연광만을 이용한 자연스럽고 편안한 분위기의 인물 촬영),,,패션화보,Hasselblad X2D + 80mm f/1.9(1억 화소 중형 포맷에 얕은 심도. 피부 질감부터 옷감의 결까지 다 보여. 하이엔드 패션지 촬영의 표준이야),,,,,,,,,,"Particle Effects (작은 입자(Particles)를 대량으로 생성해 불꽃, 먼지, 마법, 연기, 스파크, 에너지 등을 표현하는 VFX 기법)",
--no,,2D animation still,,,,"strong facial expression
(강렬한 표정)",,Portrait Dramatic (강한 명암과 극적인 조명을 사용하여 임팩트 있고 감정적인 인물 사진을 촬영),,,,"Sony A1 + 135mm f/1.8 GM(압축 효과로 얼굴형이 예쁘게 나오고, f/1.8의 보케가 몽환적이야. 연사 30프레임이라 점프샷 같은 동적인 촬영에도 강해)",,,,,,,,,,,
--tile,,Makoto Shinkai style,,,, highly expressive (과장된 표정),,Portrait Over Shoulder (다른 사람의 어깨 너머로 촬영하는 구도로 깊이감과 스토리텔링 효과를 만듦),,,,Phase One IQ4 + 110mm f/2.8(1억 5천만 화소의 끝판왕. 광고 촬영이나 대형 빌보드용 작업에 쓰여),,,,,,,,,,,
--v,,Japanese anime,,,,minimal expression (최소한의 표정),시네마틱,"Cinematic Lighting (영화에서 사용되는 조명 기술로, 주로 캐릭터를 조각하고 분위기를 설정하며 감정을 전달하는 세 포인트 조명 (키, 필, 백라이트) 활용)",,,음식,"Sony A7C II + 50mm f/2.8 Macro(컴팩트한 바디에 가벼운 매크로 렌즈. 음식 디테일 살리기 좋고, 손에 들고 다양한 앵글 시도하기 편해)",,,,,,,,,,,
,,,,,,lazy facial (게으른 표정),,Rim Light (피사체 뒤에서 빛을 비춰 머리카락이나 어깨 라인을 따라 밝은 테두리를 만듦. 배경과 인물을 분리하여 입체감을 주고 영웅적인 느낌),,,,Canon EOS R6 II + RF 35mm f/1.4L VCM(35mm로 음식과 주변 분위기를 함께 담을 때. 식당 인테리어나 손 동작까지 프레임에 넣는 스타일에 적합해),,,,,,,,,,,
카메라무빙,,Pixar style,,,,tired (피곤),,Chiaroscuro (르네상스 회화에서 유래한 극단적인 명암 대비 기법. 영화 느와르의 시그니처 룩),,,,Nikon Z5 + 60mm f/2.8 Macro(입문자용 가성비 조합. 충분한 화질에 매크로 기능까지. 블로그나 SNS용으로 차고 넘쳐),,,,,,,,,,,
효과,,Pixar animation concept art style,,,,,,"Motivated Lighting (장면 내 광원(창문, 램프 등)에서 나오는 것처럼 보이게 설계한 조명. 자연스럽고 몰입감 있는 영상 연출)",,,빈티지,Sony A7 IV + Helios 44-2 58mm f/2(소용돌이 보케의 전설. 독특한 분위기 사진에 제격이야. 저렴하게 구할 수 있고),,,,,,,,,,,
--fps ,,Hyper realistic Pixar style 3D character,,,,,,Volumetric Lighting (안개나 먼지 사이로 빛줄기가 선명하게 뚫고 지나가는 효과. 숲속의 아침 햇살이나 창문 틈으로 들어오는 빛처럼 성스럽고 신비로운 분위기 연출),,,,Nikon Zf + AI Nikkor 50mm f/1.4(니콘 F마운트 올드렌즈를 FTZ 어댑터로 활용. Zf의 레트로 바디와 찰떡궁합),,,,,,,,,,,
--duration ,,Pixar/Blender style,,,,,,Silhouette Lighting (대상이 밝은 배경에 대해 완전히 어두워지며 눈에 띄고 종종 신비한 시각적 효과를 만드는 방법),,,,Leica M11 + Canon 50mm f/0.95 Dream Lens(수동 초점의 낭만. 개방에서 몽환적인 글로우가 나와. 현대 렌즈에서는 느낄 수 없는 감성),,,,,,,,,,,
--motion ,,,,,,,,Strobe Lighting (빠르게 번쩍이는 강한 빛을 사용하여 빠르게 움직이는 대상을 정지시킬 수 있는 액션 또는 댄스 사진에서 활용),,,흑백,Leica M11 Monochrom + 35mm f/2 APO(컬러 필터가 없는 흑백 전용 센서. 같은 화소수라도 해상력이 30% 이상 높아. 계조 표현이 필름을 뛰어넘어),,,,,,,,,,,
--loop,,,,,,,,"Pattern Light (특정한 패턴이나 모양을 만들어내는 조명으로, 창문 블라인드나 격자 등을 통해 흥미로운 그림자 패턴을 연출)",,,,Leica Q2 Monochrom(고정렌즈 28mm 흑백 전용. 거리 스냅에서 빛과 그림자만으로 이야기하고 싶을 때),,,,,,,,,,,
,,DreamWorks ,,,,,,"Lens Flare (강한 빛이 렌즈에 직접 들어와 발생하는 광학적 현상으로, 의도적으로 활용하여 드라마틱한 효과를 연출)",,,,Pentax K-3 III Monochrome(DSLR 흑백 전용 바디. 가격이 라이카의 1/4 수준인데 흑백 감성은 진지해),,,,,,,,,,,
,,dc comics,,,,,자연광,Golden Hour (해 뜨고/지기 직전의 황금빛 시간대. 따뜻하고 부드러운 빛으로 어떤 피사체든 아름답게 담아냄),,,필름,"Nikon FM2 + 50mm f/1.4 AI-S(기계식 필름 카메라의 완성형. 배터리 없어도 작동하고, 이 렌즈 하나로 사진의 본질을 배울 수 있어)",,,,,,,,,,,
나노바나나,,Overwatch,,,,,,Blue Hour (해 뜨기 전/진 후의 푸른 시간대. 차갑고 몽환적인 분위기의 풍경이나 도시 야경에 적합),,,,Canon AE-1 + FD 50mm f/1.4(필름 입문자 국민 조합. 중고가도 저렴하고 FD 렌즈군이 풍부해),,,,,,,,,,,
,,anime-style,,,,,,Window Light (창문을 통해 들어오는 자연광. 부드럽게 확산되어 스튜디오 조명 없이도 좋은 인물 사진 가능),,,,Contax T3(고정렌즈 35mm f/2.8 Sonnar. 컴팩트 필름 카메라 중 최고봉),,,,,,,,,,,
,,fortnite style,,,,,,"Dawn Lighting (새벽녘의 부드럽고 차분한 조명으로, 하루의 시작을 알리는 고요하고 신선한 분위기를 연출)",,,,"Hasselblad 500C/M + 80mm f/2.8 Planar(중형 필름의 전설. 웨딩, 패션 역사를 만든 조합이야)",,,,,,,,,,,
,,indie movie animation,,,,,,"Sunset Lighting (저녁노을과 일몰시의 따뜻하고 극적인 조명으로, 로맨틱하고 감성적인 분위기를 만들어냄)",,,,Mamiya RZ67 + 110mm f/2.8(중형 인물 촬영의 끝판왕. 6x7 포맷의 심도와 해상력은 디지털로도 흉내 내기 어려워),,,,,,,,,,,
,, 3D cartoon style,,,,,,"Dusk Lighting (해가 진 후 완전히 어두워지기 전의 시간으로, 부드럽고 몽환적인 조명이 특징)",,,시네마,"Sony FX6 + Zeiss Supreme Prime 50mm T1.5(영화 촬영용 시네 렌즈. T스톱 표기, 부드러운 포커스 링, 호흡감 최소화)",,,,,,,,,,,
,,cartoonish 3D,,,,,,"Overcast Light (구름이 낀 날의 균등하고 부드러운 확산광으로, 그림자가 적고 피부톤을 자연스럽게 표현)",,,,Canon C70 + Sigma Cine 18-35mm T2(Super 35 센서에 시그마 시네줌. 가성비 좋은 영화 촬영 입문 세트),,,,,,,,,,,
,,,,,,,,"Dappled Light (나뭇잎 사이로 들어오는 빛이 만드는 얼룩무늬 패턴으로, 자연스럽고 로맨틱한 분위기를 연출)",,,,Blackmagic URSA Mini Pro + Cooke S4/i 75mm(Cooke의 따뜻한 색감. 'Cooke Look'이라고 불리는 특유의 부드러움이 있어),,,,,,,,,,,
,,Disney Renaissance style,,,,,,"Crepuscular Rays (구름 사이로 내려오는 햇빛이 만드는 광선 효과로, 신성하고 극적인 분위기를 연출)",,,,RED V-Raptor + Leica Thalia(8K 센서에 빈티지 시네마 느낌 렌즈. 현대 해상력에 클래식한 렌더링),,,,,,,,,,,
,,A line sketch of a disney-style drawing,,,,,,"Moonlight (달빛에 의한 은은하고 신비로운 조명으로, 차가운 색온도와 낮은 조도가 특징)",,,,,,,,,,,,,,,
,,,,,,,,"Sunlight Through (햇빛이 물체를 통과하여 뒤쪽에 위치한 물체나 공간을 밝혀주는 시각적 효과로, 창문으로 들어오는 햇빛이 방 안에 그림자와 빛깔을 만들어냄)",,,,,,,,,,,,,,,
,,,,,,,,Harsh Midday Sun (정오의 강한 직사광선으로 깊은 그림자와 높은 대비를 만듦. 다큐멘터리나 거친 사실적 묘사에 적합),,,,,,,,,,,,,,,
,,,,,,,,Late Afternoon Warmth (늦은 오후의 따뜻한 빛으로 긴 그림자와 부드러운 금빛 톤을 연출. 감성적인 인물 사진에 효과적),,,,,,,,,,,,,,,
,,,,,,,,Soft Diffused Daylight (부드럽게 확산된 자연광으로 그림자가 거의 없는 균일한 조명. 제품 촬영이나 자연스러운 인물 사진에 적합),,,,,,,,,,,,,,,
,,minimalist illustration,,,,,특수환경,"Gel Lighting (조명에 컬러 젤을 씌워 색감을 입히는 기법. 네온 사인 느낌, 사이버펑크 분위기 연출에 효과적)",,,,,,,,,,,,,,,
,,,,,,,,"Practical Lighting (장면 내 실제 조명(네온사인, TV, 촛불 등)을 활용. 분위기 있고 현실적인 느낌)",,,,,,,,,,,,,,,
,,oil painting,,,,,,"Midnight Lighting (한밤중의 매우 낮은 조도에서 인공 조명에 의존하는 조명 환경으로, 극적이고 미스터리한 분위기)",,,,,,,,,,,,,,,
,,,,,,,,"Candlelight (촛불의 따뜻하고 부드러운 조명으로, 로맨틱하고 친밀한 분위기를 만들어내는 자연스러운 조명)",,,,,,,,,,,,,,,
,,Game asset design,,,,,,"Neon Light (형광등이나 네온사인의 인공적이고 강렬한 색상의 조명으로, 도시적이고 현대적인 분위기를 연출)",,,,,,,,,,,,,,,
,,casual mobile game art style,,,,,,"Street Light (가로등에 의한 도시의 밤 조명으로, 오렌지빛 또는 흰빛의 인공 조명이 만드는 도시적 분위기)",,,,,,,,,,,,,,,
,, cartoon style ,,,,,,"Fluorescent Light (형광등의 차갑고 균등한 인공 조명으로, 사무실이나 상업공간의 실용적인 조명)",,,,,,,,,,,,,,,
,,casual game,,,,,,"Laser Lighting (레이저에 의한 집중적이고 강렬한 조명으로, 클럽이나 콘서트에서 사용되는 극적인 효과)",,,,,,,,,,,,,,,
,,,,,,,,"Twilight Light (황혼 시간의 부드럽고 몽환적인 조명으로, 하루와 밤 사이의 과도기적 조명 상태)",,,,,,,,,,,,,,,
,,Gardenescapes,,,,,,Cross Lighting (서로 다른 색의 조명을 양쪽에서 비추는 기법. 영화적이고 스타일리시한 인물 사진),,,,,,,,,,,,,,,
,,,,,,,전문기법,Bounced Light (벽이나 반사판에 조명을 반사시켜 부드럽고 고른 조명을 만드는 기법. 직접광의 강한 그림자를 피하고 자연스러운 느낌을 줍니다),,,,,,,,,,,,,,,
,,,,,,,,"Accent Lighting (특정 부분이나 대상을 강조하기 위한 포인트 조명으로, 주목도를 높이는 데 사용)",,,,,,,,,,,,,,,
,,,,,,,,Softbox Lighting (소프트박스를 사용하여 부드럽고 균등한 조명을 만드는 스튜디오 조명 기법),,,,,,,,,,,,,,,
,,,,,,,,"Flash Lighting (순간적으로 강한 빛을 발하는 플래시를 사용한 조명으로, 어두운 환경에서 피사체를 밝게 촬영)",,,,,,,,,,,,,,,
,,,,,,,,"Long Exposure Light (오랜 시간 셔터를 열어두어 빛의 궤적이나 움직임을 포착하는 기법. 밤하늘의 별 궤적, 도시의 자동차 불빛 등을 표현합니다)",,,,,,,,,,,,,,,
,,,,,,,,"Incandescent (전통적인 백열등이 만드는 따뜻한 색온도의 조명. 노란빛이 감도는 아늑하고 포근한 분위기를 연출하며, 레트로하고 클래식한 느낌을 줍니다)",,,,,,,,,,,,,,,
,,,,,,,,"Moody Lighting (특정한 감정이나 분위기를 강조하는 조명으로, 종종 어둡고 극적인 효과를 연출)",,,,,,,,,,,,,,,
,,,,,,,,Ethereal Lighting (초현실적이고 꿈같은 분위기를 만드는 부드럽고 신비로운 조명. 천사나 요정이 나타날 것 같은 천상의 느낌을 연출합니다),,,,,,,,,,,,,,,
,,,,,,,,Radiosity (씬의 표면에서 반사되어 다른 표면에 영향을 미치는 간접광의 물리적 현상. 현실감 있는 조명 시뮬레이션에 중요합니다),,,,,,,,,,,,,,,
,,,,,,,,Contre-jour (피사체 뒤쪽에서 비추는 역광으로 실루엣이나 후광 효과를 만드는 프랑스식 조명 기법),,,,,,,,,,,,,,,
